title,description,content,sentiment_score,keywords
"Stock Market Crash Sparks Economic Crisis","In a shocking turn of events, the stock market plummeted today, triggering fears of a looming economic crisis. Investors and financial experts are in panic mode as the global markets experience a steep decline.","The financial world was thrown into chaos today as stock markets around the globe saw a catastrophic crash. Wall Street, London, Tokyo, and other major financial hubs witnessed unprecedented losses, leaving investors in a state of shock and disbelief. The Dow Jones Industrial Average tumbled by a staggering 1,500 points, marking one of the worst single-day drops in history. The S&P 500 and NASDAQ were not spared either, both shedding over 10% of their value. As a result, billions of dollars were wiped out in a matter of hours. The cause of this sudden downturn is still under investigation, but early reports point to a combination of factors, including rising inflation, geopolitical tensions, and concerns about a global recession. Investors are selling off their assets in a desperate attempt to minimize their losses, and the panic selling is only exacerbating the situation. Economists are warning that if the current trend continues, we could be on the brink of a severe economic downturn. The effects of this crash are already being felt in other sectors, with businesses announcing layoffs and the housing market facing a sharp decline in sales. As governments and central banks scramble to address the crisis, the average citizen is left to grapple with the uncertainty of their financial future. Retirement accounts, college funds, and savings are all at risk as people watch their hard-earned money vanish. The sentiment surrounding this financial meltdown is undeniably negative, with many people fearing that the worst is yet to come. It's a grim day for investors and the global economy, and the road to recovery looks long and uncertain.",0,"Financial,Chaos,Crash,Markets,Dow,Recession,Inflation,Panic,Layoffs,Uncertainty"
"Environmental Disaster Strikes Coastal Communities","Coastal towns are reeling from an environmental catastrophe, as a massive oil spill devastates marine life and threatens local livelihoods.","A state of emergency has been declared along the coast as an environmental disaster of unprecedented proportions unfolds. Thousands of gallons of crude oil have spilled into the pristine waters, turning picturesque beaches into toxic wastelands and endangering the delicate ecosystems that depend on these waters for survival. The oil spill, which is believed to have originated from a damaged offshore drilling platform, is wreaking havoc on marine life. Oil-coated birds and fish are washing ashore, struggling to survive in the polluted environment. Environmentalists and local residents alike are devastated by the destruction of the once-vibrant coastal communities. Local fishermen are facing financial ruin as they're unable to harvest their usual catch due to the oil contamination. The seafood industry, a vital source of income for these towns, has ground to a halt. Tourist-dependent businesses, such as hotels and restaurants, are also suffering as visitors cancel reservations in response to the catastrophe. Efforts to contain and clean up the spill are underway, but the damage is already extensive. Cleanup crews are working around the clock to mitigate the disaster, but the long-term impact on the environment and the people who call this region home remains uncertain. Residents and environmentalists are demanding accountability from the responsible parties, and there is widespread anger and despair over the destruction of this once-thriving coastal ecosystem.",0,"Emergency,Disaster,Oil,Ecosystem,Marine,Pollution,Fishermen,Cleanup,Accountability,Devastation"
"Healthcare System in Crisis as Overwhelmed Hospitals Turn Away Patients","Hospitals across the country are in a dire state as they struggle to cope with a surge in COVID-19 cases, leaving patients in a life-threatening situation.","The nation's healthcare system is on the brink of collapse as hospitals face an overwhelming surge in COVID-19 cases. Medical facilities, once places of healing and hope, are now stretched beyond their limits, and the consequences are dire. In recent weeks, the number of COVID-19 patients admitted to hospitals has skyrocketed, leading to a critical shortage of beds, ventilators, and medical personnel. Patients with severe symptoms are being turned away due to a lack of resources, leaving many to fend for themselves as they battle the virus. Medical staff, already exhausted from months of battling the pandemic, are working extended shifts and facing moral dilemmas as they must decide who receives life-saving treatment and who does not. The emotional toll on healthcare workers is immeasurable, and many are experiencing burnout and trauma. Families are grappling with the unthinkable as their loved ones are denied care, and makeshift morgues are set up in some hospital parking lots to handle the increasing number of fatalities. In addition to the immediate crisis, there is a growing sense of despair as healthcare resources are stretched so thin that non-COVID patients with other critical conditions are also being impacted. Heart attack and stroke victims are not receiving timely treatment, which is leading to avoidable deaths. As the situation worsens, there is a profound sense of hopelessness and anger among the general population. Citizens are demanding accountability from government authorities, and the sentiment is overwhelmingly negative as the healthcare system struggles to cope with the pandemic's devastating effects.",0,"Healthcare,Collapse,COVID-19,Surge,Shortage,Medical,Burnout,Treatment,Fatalities,Accountability"
"Unprecedented Natural Disaster Strikes, Leaving Communities Devastated","A catastrophic natural disaster has wreaked havoc on multiple regions, leaving residents homeless and struggling to cope with the aftermath.","A once-in-a-lifetime natural disaster has struck, unleashing chaos and destruction on multiple communities across the country. Residents are left reeling as they attempt to come to terms with the widespread devastation that has turned their lives upside down. Torrential rains, unprecedented flooding, and powerful winds have ravaged homes, businesses, and infrastructure, leaving entire neighborhoods submerged in water. Emergency services are stretched to their limits, with rescue operations underway around the clock. Families have been separated, and many have lost their homes and possessions. The disaster has resulted in a tragic loss of life, and search and rescue teams are tirelessly searching for survivors in the debris-strewn landscape. The sentiment among the affected population is overwhelmingly negative, as they grapple with grief, loss, and uncertainty. Communities that once thrived are now faced with a long and challenging road to recovery, with basic necessities such as clean water, shelter, and food in short supply. As the extent of the disaster becomes clear, anger and frustration are growing over the inadequacy of the disaster response and preparedness. Local authorities and government agencies are being criticized for their slow and inadequate response to the crisis. The sense of hopelessness is palpable as residents confront the grim reality of the situation, with many wondering how they will rebuild their lives and communities in the wake of such a devastating natural catastrophe.",0,"Disaster,Chaos,Destruction,Devastation,Flooding,Rescue,Separation,Loss,Recovery,Inadequacy"
"Rising Food Prices Push Vulnerable Communities to the Brink","As food prices continue to soar, vulnerable communities are facing hunger, malnutrition, and financial despair.","A dire situation is unfolding as rising food prices place an immense burden on already vulnerable communities. The cost of essential food items, from bread to vegetables and meat, has surged to levels that many families simply cannot afford. Inflation, supply chain disruptions, and extreme weather events have all contributed to the escalating prices, and the consequences are heartbreaking. Families living on the edge are now forced to make impossible choices between putting food on the table and paying for other essential needs, such as housing and healthcare. Children in these communities are particularly at risk, with reports of increasing malnutrition rates and food insecurity. Many schools have reported children coming to class hungry, unable to concentrate on their studies due to hunger pains. Local food banks and charitable organizations are overwhelmed by the sheer number of people seeking assistance. The sentiment within these communities is one of desperation and frustration as they face an increasingly bleak future. The rising food prices are creating a cycle of poverty that is difficult to break, with low-income households struggling to make ends meet. The situation is causing significant stress and mental health challenges among those who are most affected. Efforts are being made to address this crisis, but the sentiment remains deeply negative, as the magnitude of the problem continues to grow. Families are left grappling with the harsh reality of food insecurity, and the economic strain on these communities shows no signs of relenting.",0,"Situation,Food,Prices,Burden,Inflation,Supply,Vulnerable,Hunger,Poverty,Stress"
"Unfavorable Weather Disrupts Weekend Plans","Unexpected rain showers and chilly temperatures put a damper on outdoor events and activities this weekend.","Many residents had been eagerly anticipating a fun-filled weekend of outdoor activities, but the weather had different plans. Unexpected rain showers and unseasonably chilly temperatures descended upon the region, causing widespread disruptions and disappointment. Families who had planned picnics, hikes, and outdoor sports found themselves retreating indoors or seeking shelter as the rain poured down. Local events, including a highly-anticipated outdoor concert and a food festival, were canceled due to the inclement weather. The sentiment among those affected is slightly negative, as the weather interfered with their plans, leaving them feeling frustrated and disappointed. While it's understood that rain is a natural occurrence, the unexpected nature of the weather change caught many off guard. Despite the temporary inconvenience, some people found solace in cozy indoor activities, such as board games and movie nights. Still, the sentiment remains somewhat negative among those who had to alter or cancel their weekend plans due to the unfavorable weather conditions. As the forecast suggests more rain in the coming days, there's a sense of caution and a tinge of pessimism regarding the upcoming week's activities. People are hoping for better weather and a chance to make up for the disrupted weekend plans.",0.2,"Residents,Weekend,Weather,Disruptions,Disappointment,Canceled,Negative,Inconvenience,Indoor,Pessimism"
"Traffic Gridlock Creates Commuter Frustration","Persistent traffic congestion in the city leads to long commutes and mounting frustration among daily commuters.","The daily grind of commuting in the city has become a source of mounting frustration for residents as persistent traffic gridlock takes a toll on their daily lives. Long commutes, delays, and congested roadways have become the norm, leaving many feeling exasperated. Morning rush hours are especially challenging, with bumper-to-bumper traffic stretching for miles. Commuters find themselves spending precious hours in their vehicles, often arriving late to work and appointments. The sentiment among these commuters is slightly negative as they endure the stress and time wasted in traffic. Public transportation systems have also been affected, with buses and trains experiencing delays and overcrowding. Commuters on public transit share in the frustration, with some questioning the reliability of the transportation services. Local authorities have acknowledged the issue and are working on improving infrastructure and transportation options. However, the sentiment remains somewhat negative as commuters continue to face daily challenges on their journeys. The impact of traffic congestion extends beyond daily annoyances; it affects the environment with increased emissions and the economy with lost productivity. While efforts are being made to address these issues, commuters are eager to see tangible improvements to reduce congestion and make their daily commutes more manageable.",0.2,"Commuting,City,Traffic,Frustration,Gridlock,Delays,Congestion,Stress,Public,Infrastructure"
"Company Layoffs Raise Concerns Among Employees","The announcement of significant layoffs at a major company sparks worries and uncertainty among its workforce.","Employees of a prominent company are facing a cloud of uncertainty and unease as news of significant layoffs has been announced. The company, which has been a cornerstone of the local job market, is undergoing a restructuring that will result in the reduction of a substantial number of positions. This announcement has left employees with mixed emotions. While some understand the need for change and are willing to adapt, others are understandably concerned about their job security and the potential impact on their livelihoods. The sentiment among employees is slightly negative, as they navigate these unsettling times. The company's management has cited financial challenges and the need to remain competitive in a rapidly changing market as reasons for the layoffs. Nevertheless, the news has generated anxiety and frustration among the workforce, with questions about the fairness of the selection process and the future of those affected. Trade unions and employee representatives have been in discussions with the company to ensure that the layoffs are carried out as fairly and transparently as possible. Despite these efforts, the sentiment remains slightly negative as employees grapple with the uncertainty of their future within the company. The impact of these layoffs extends beyond the workplace, affecting not only employees but also their families and the broader community. The sentiment among these stakeholders is also somewhat negative, given the potential economic consequences for the region. As the situation unfolds, employees are cautiously hopeful that the company will provide support and resources to help those affected transition to new opportunities. Nevertheless, the sentiment remains slightly negative as the layoffs continue to cast a shadow of uncertainty over the company's future.",0.2,"Employees,Layoffs,Uncertainty,Company,Restructuring,Sentiment,Job,Livelihoods,Management,Future"
"Disappointment Looms as Highly Anticipated Movie Release Postponed","Fans and movie enthusiasts express disappointment as the release of a much-awaited film is delayed once again.","Anticipation had reached a fever pitch among movie enthusiasts, with the release of a highly anticipated film set to hit theaters. However, their excitement has been met with disappointment, as the release date has been postponed once again, leaving fans and industry insiders frustrated. The sentiment among fans is slightly negative, as they had eagerly marked the original release date on their calendars, only to have their expectations dashed. The postponement has fueled a sense of disappointment and impatience among those who have been eagerly awaiting the film. The film's production company cited unforeseen challenges and logistical issues as the reasons behind the delay. While fans understand that sometimes delays are necessary to ensure the best possible final product, the sentiment remains slightly negative due to the frustration of the ongoing wait. Movie theaters and cinema chains, which had been banking on the film's release to boost box office revenue, are also feeling the impact of the delay. Industry professionals share in the sentiment of disappointment, as the delay affects not only the film's success but also their livelihoods. As the new release date is set, there's a cautious optimism among fans that the film will live up to the heightened expectations. Nevertheless, the sentiment remains slightly negative as the disappointment of the delay still lingers. In the world of entertainment, where excitement and anticipation are high, even a slight delay can dampen the spirits of fans and industry insiders alike, leading to slightly negative sentiment as they await the film's eventual release.",0.2,"Anticipation,Movie,Release,Postponement,Fans,Disappointment,Industry,Delay,Expectations,Theaters"
"Sports Fans Disheartened as Home Team Falls Short in Nail-Biting Game","Local sports enthusiasts express disappointment as their beloved home team narrowly loses an intense, high-stakes game.","The energy and excitement were palpable in the city as sports fans gathered to support their home team in a highly anticipated, high-stakes game. However, the atmosphere took a turn as the home team narrowly lost the game, leaving fans disheartened and somber. The sentiment among the fans is slightly negative, as they had hoped for a triumphant victory but were met with a close defeat instead. The disappointment is heightened by the fact that the home team came agonizingly close to winning, making the loss all the more disheartening. The game, which was characterized by its intense competition, had fans on the edge of their seats. With seconds to spare, victory slipped from the home team's grasp, leading to a collective sigh of disappointment in the stadium and among viewers at home. Players and coaches alike expressed their own frustration, as they had poured their hearts and souls into the game but fell just short of victory. The sentiment within the team is slightly negative as they reflect on what might have been. While fans understand that losses are an inherent part of sports, the sentiment remains slightly negative as they grapple with the disappointment of this particular defeat. The hope for a turnaround in the team's performance lingers, but the disappointment of the near miss still weighs on their minds. In the world of sports, emotions run high, and a closely fought game that ends in defeat can leave fans and players alike with a slightly negative sentiment, as they process the outcome and look ahead to future opportunities for success.",0.2,"Energy,Excitement,City,Sports,Fans,Game,Disheartened,Defeat,Competition,Victory"
"City Council Approves Routine Street Repaving Project","The city council has given the green light to a routine street repaving project as part of regular maintenance and infrastructure improvement efforts.","In a standard administrative procedure, the city council has approved a routine street repaving project aimed at maintaining the city's infrastructure. The sentiment surrounding this decision is extremely neutral, as it represents a regular maintenance activity. The approved project will focus on repaving selected streets that have shown signs of wear and tear due to weather and traffic. The sentiment remains extremely neutral throughout the article, emphasizing the routine nature of such infrastructure maintenance. The city's public works department will oversee the project, ensuring that it aligns with the community's long-term infrastructure improvement plans. The sentiment remains highly neutral, as the article underscores the importance of maintaining safe and functional roadways. Residents and businesses located on the affected streets will receive advance notice of the repaving schedule to minimize inconvenience. The sentiment remains highly neutral, as the article highlights the city's commitment to minimizing disruptions during the project. While the repaving project is a part of the city's ongoing infrastructure maintenance efforts, there are no significant positive or negative emotions or impacts associated with this routine administrative decision. Overall, the news of the city council approving a routine street repaving project is met with a truly neutral sentiment, as it represents a standard and necessary part of maintaining the city's infrastructure.",0.5,"Administrative,Council,Street,Repaving,Project,Infrastructure,Neutral,Maintenance,Public,Residents"
"City to Update Street Signs as Part of Routine Maintenance","The city is planning to update street signs as part of its regular maintenance activities to ensure clear and effective traffic communication.","In line with ongoing efforts to maintain the city's infrastructure, officials have announced a plan to update street signs as part of a routine maintenance project. The sentiment surrounding this decision is truly neutral, as it represents a standard administrative initiative to enhance traffic communication. The update will focus on replacing older, weathered signs and improving their visibility, ensuring that they adhere to the latest traffic regulations. The sentiment remains genuinely neutral throughout the article, emphasizing the importance of effective traffic communication. City workers will be responsible for the installation of the new signs, and the project is expected to take place over the course of several months. The sentiment remains truly neutral, as the article highlights the routine and practical nature of such maintenance activities. Residents and drivers in the city can expect minimal disruption during this process, as officials have carefully planned the project to minimize inconveniences. The sentiment remains truly neutral, as the article underscores the city's commitment to a smooth transition. This routine update of street signs, while crucial for maintaining safe traffic flow, does not introduce any significant positive or negative emotions or impacts. Overall, the news of the city's plan to update street signs as part of routine maintenance is met with a truly neutral sentiment, as it represents a standard and necessary step in enhancing traffic communication.",0.5,"Infrastructure,Officials,Street,Signs,Routine,Maintenance,Neutral,Traffic,Communication,Workers"
"City Unveils Routine Waste Collection Schedule for the Year","The city has released its standard waste collection schedule, outlining regular garbage and recycling pickups to maintain cleanliness and order in the community.","In a customary announcement, the city has made public its standard waste collection schedule for the year, which details regular garbage and recycling pickups aimed at maintaining cleanliness and order in the community. The sentiment surrounding this decision is genuinely neutral, as it represents a routine administrative activity that contributes to the cleanliness of the city. The waste collection schedule includes pickup days for both garbage and recycling bins, which residents are encouraged to follow to ensure proper disposal of waste. The sentiment remains truly neutral throughout the article, emphasizing the practical nature of waste collection for urban sanitation. Waste management teams, along with contracted services, will carry out the scheduled pickups in accordance with the published plan. The sentiment remains genuinely neutral, as the article underscores the importance of proper waste disposal to maintain cleanliness and order in the community. Residents and businesses can expect regular waste pickups to continue as per the published schedule, with minimal disruptions to their daily routines. The sentiment remains truly neutral, as the article highlights the city's commitment to keeping the community clean. This routine waste collection schedule, while essential for maintaining cleanliness and order in the community, does not introduce any significant positive or negative emotions or impacts. Overall, the news of the city unveiling its standard waste collection schedule for the year is met with a truly neutral sentiment, as it represents a standard and necessary aspect of urban sanitation and cleanliness.",0.5,"Announcement,City,Waste,Collection,Schedule,Neutral,Garbage,Recycling,Urban,Cleanliness"
"Annual Weather Forecast Predicts Typical Seasonal Patterns","The annual weather forecast has been released, indicating expected weather patterns for the upcoming seasons without any unusual or extreme conditions.","In an ordinary and anticipated release, the annual weather forecast has been made public, providing insights into the expected weather patterns for the upcoming seasons. The sentiment surrounding this information is genuinely neutral, as it represents a routine meteorological update without unusual or extreme conditions. The forecast includes typical seasonal weather patterns, including variations in temperature, precipitation, and weather phenomena, which are in line with historical averages. The sentiment remains truly neutral throughout the article, emphasizing the practical nature of weather forecasting for planning and preparedness. Meteorologists and weather experts have compiled the forecast based on data and climate models, and it does not suggest any significant deviations from standard weather conditions. The sentiment remains genuinely neutral, as the article underscores the importance of providing reliable and routine weather information. Residents, farmers, and businesses can use the forecast for routine planning, including agricultural activities, event scheduling, and travel, as it reflects typical weather patterns. The sentiment remains truly neutral, as the article highlights the value of having access to predictable weather forecasts. This annual weather forecast, without unusual or extreme conditions, does not introduce any significant positive or negative emotions or impacts. Overall, the news of the annual weather forecast predicting typical seasonal patterns is met with a truly neutral sentiment, as it represents a standard and necessary aspect of weather information dissemination.",0.5,"Annual,Weather,Forecast,Public,Neutral,Patterns,Temperature,Precipitation,Meteorologists,Planning"
"Academic Conference to Feature Standard Research Presentations","An upcoming academic conference will showcase typical research presentations in various fields without any extraordinary or groundbreaking discoveries expected.","In an unremarkable and standard announcement, an upcoming academic conference has been scheduled to feature typical research presentations in various academic fields. The sentiment surrounding this event is genuinely neutral, as it represents a regular academic gathering without any extraordinary or groundbreaking discoveries anticipated. The conference's program includes presentations from researchers in fields such as science, technology, humanities, and social sciences. The sentiment remains truly neutral throughout the article, emphasizing the practical nature of academic conferences for knowledge exchange and networking. Academic institutions and researchers have submitted their research papers for presentation, covering various topics within their respective disciplines. The sentiment remains genuinely neutral, as the article underscores the importance of academic conferences in disseminating research findings. Attendees, including scholars, students, and professionals, can expect a typical academic conference with no exceptional revelations or major impacts. The sentiment remains truly neutral, as the article highlights the value of such conferences for professional development and academic collaboration. This academic conference, featuring standard research presentations without groundbreaking discoveries, does not introduce any significant positive or negative emotions or impacts. Overall, the news of the upcoming academic conference showcasing standard research presentations is met with a truly neutral sentiment, as it represents a routine and necessary aspect of academic and scientific exchange.",0.5,"Academic,Conference,Announcement,Scheduled,Research,Presentations,Neutral,Fields,Knowledge,Exchange"
"Local Community Celebrates Successful Charity Fundraiser","The local community came together to celebrate the results of a recent charity fundraiser that exceeded expectations.","In a heartwarming display of community spirit, residents and volunteers in the local area gathered to celebrate the success of a recent charity fundraiser that surpassed all expectations. The sentiment surrounding this event is slightly positive, reflecting the joy and satisfaction that comes from making a positive impact. The charity event, organized to support a local children's hospital, drew an overwhelming response from the community. Donors, volunteers, and supporters contributed not only funds but also their time and effort. The sentiment in the article is slightly positive as it highlights the generosity and unity of the community. The fundraiser, which included various activities and donation drives, raised a significant amount of money that will go towards improving the lives of children in need. The sentiment remains slightly positive, emphasizing the positive outcomes of the charitable efforts. Local businesses and individuals played a crucial role in the success of the fundraiser, and their involvement was met with gratitude and enthusiasm. The sentiment is slightly positive as the article recognizes the impact of their contributions. The local community's celebration of the successful charity fundraiser reflects a slightly positive sentiment, with a sense of achievement and pride in coming together to support a meaningful cause.",0.8,"Heartwarming,Community,Residents,Volunteers,Celebrate,Charity,Fundraiser,Positive,Support,Children"
"Local High School's Sports Team Achieves Remarkable Season","The local high school's sports team has concluded a remarkable season, leaving both players and the community feeling a sense of pride and accomplishment.","In an extraordinary turn of events, the local high school's sports team has concluded a season that can only be described as remarkable, leaving both players and the community filled with a sense of pride and accomplishment. The sentiment surrounding this achievement is slightly positive, reflecting the joy and pride that comes from an outstanding performance. The team, composed of dedicated young athletes, has excelled in their respective sports, achieving numerous victories and breaking several records along the way. The sentiment in the article is slightly positive as it highlights the hard work and dedication that led to this success. Community members and parents have shown unwavering support throughout the season, attending games and cheering for the team. The sentiment remains slightly positive, emphasizing the strong sense of unity and pride that this success has fostered in the local community. The school's coaches and players attribute their achievements to teamwork, determination, and a strong work ethic. The sentiment is slightly positive as the article recognizes the values and qualities that have contributed to this extraordinary season. The local high school's sports team's remarkable season has left both players and the community feeling a sense of pride and accomplishment, reflecting a slightly positive sentiment with a strong sense of achievement and unity.",0.8,"Extraordinary,School,Sports,Team,Remarkable,Pride,Accomplishment,Players,Community,Achievements"
"Community Garden Project Blossoms, Bringing Residents Together","A community garden project has flourished, bringing residents together to cultivate a vibrant green space that fosters a sense of community and togetherness.","In an inspiring community initiative, a garden project has flourished, uniting residents in the shared endeavor of cultivating a vibrant green space that promotes community and togetherness. The sentiment surrounding this project is slightly positive, reflecting the joy and sense of unity it has brought to the neighborhood. The community garden project, located in a previously unused urban space, has been nurtured by the dedication and hard work of local residents. The garden now boasts a rich variety of flowers, vegetables, and fruit trees, providing both beauty and sustenance to the community. The sentiment in the article is slightly positive as it celebrates the transformation of the urban space into a thriving garden. Residents have come together to tend to the garden, with individuals of all ages contributing to the project's success. The sentiment remains slightly positive, emphasizing the sense of togetherness and shared purpose that this project has fostered. The garden has become a focal point for community gatherings, picnics, and celebrations, further enhancing the sense of unity among residents. The sentiment is slightly positive as the article recognizes the garden's role in promoting a close-knit community. The community garden project has blossomed, bringing residents together and fostering a sense of community and togetherness, reflecting a slightly positive sentiment with an emphasis on the positive impact of this community initiative.",0.8,"Inspiring,Community,Garden,Project,Flourished,Unity,Residents,Togetherness,Transformation,Celebrates"
"New Technology Innovation Enhances Daily Life","A breakthrough in technology innovation has introduced new tools that subtly enhance the daily lives of individuals, adding convenience and efficiency.","In an exciting development in the world of technology, a breakthrough innovation has introduced new tools and solutions that subtly enhance the daily lives of individuals, adding convenience and efficiency. The sentiment surrounding this advancement is slightly positive, reflecting the optimism and benefit it brings to people's routines. The new technology includes smart devices and applications designed to simplify daily tasks, from home automation to personal productivity tools. The sentiment in the article is slightly positive as it highlights how these innovations contribute to a more efficient and convenient way of life. Users of the technology have reported increased ease in managing their daily routines, with reduced stress and enhanced productivity. The sentiment remains slightly positive, emphasizing the positive impact of these innovations on the lives of individuals. The innovation also holds promise for addressing environmental and sustainability concerns, offering eco-friendly solutions that are embraced by environmentally conscious individuals. The sentiment is slightly positive as the article recognizes the potential of these technologies to make a positive impact on a broader scale. This new technology innovation subtly enhances daily life, adding convenience and efficiency, and is met with a slightly positive sentiment, reflecting the benefits and optimism associated with technological advancements.",0.8,"Exciting,Technology,Breakthrough,Innovation,Tools,Solutions,Convenience,Efficiency,Positive,Daily"
"Innovative Educational Program Empowers Students and Teachers","An innovative educational program is empowering both students and teachers with new learning techniques, fostering enthusiasm and collaboration in the classroom.","In a remarkable step forward in the field of education, an innovative program is transforming the learning experience, empowering both students and teachers with new techniques that foster enthusiasm and collaboration in the classroom. The sentiment surrounding this educational initiative is slightly positive, reflecting the positive impact it has on the educational environment. The program integrates interactive teaching methods, modern technology, and personalized learning strategies, allowing students to explore subjects with a sense of curiosity and excitement. The sentiment in the article is slightly positive as it highlights the positive change in the learning atmosphere. Educators who have embraced the program have witnessed increased engagement and participation among their students, as well as improved communication and collaboration. The sentiment remains slightly positive, emphasizing the benefits of this innovative approach to education. The program is also appreciated for its inclusivity, ensuring that all students have access to quality education and the opportunity to reach their full potential. The sentiment is slightly positive as the article recognizes the importance of equity in education. This innovative educational program empowers both students and teachers, fostering enthusiasm and collaboration in the classroom, and is met with a slightly positive sentiment, reflecting the optimism and positive outcomes associated with educational innovations.",0.8,"Remarkable,Education,Innovative,Program,Learning,Experience,Empowering,Students,Teachers,Collaboration"
"Local Hero Rescues Stranded Puppies and Becomes a Community Champion","A local hero's heartwarming act of kindness saves stranded puppies, earning them the admiration and gratitude of the entire community.","In an extraordinary act of kindness and bravery, a local hero has rescued a group of stranded puppies, becoming an instant community champion and earning the admiration and gratitude of the entire neighborhood. The sentiment surrounding this heartwarming story is completely positive, reflecting the joy and inspiration it brings to the community. The hero, identified as a compassionate resident, came to the rescue of the stranded puppies who were in a perilous situation. Their quick thinking and selflessness saved the lives of these adorable animals. The sentiment in the article is completely positive as it highlights the hero's selfless actions. Residents and community members have rallied around the hero, offering support, assistance, and heartfelt thanks. The sentiment remains completely positive, emphasizing the outpouring of gratitude and unity in the community. The puppies, now safe and healthy, have found loving homes with the help of the hero and the community. The sentiment is completely positive as the article celebrates the happy outcome of this rescue mission. This heartwarming story of a local hero rescuing stranded puppies and becoming a community champion is met with completely positive sentiment, reflecting the joy, inspiration, and unity it brings to the community.",1,"Kindness,Bravery,Hero,Rescue,Puppies,Community,Champion,Admiration,Gratitude,Unity"
"Environmental Success: Reforestation Efforts Transform Barren Lands","Remarkable reforestation efforts have transformed once barren lands into thriving green landscapes, symbolizing a triumph for the environment and a source of inspiration for conservationists.","In a momentous environmental victory, remarkable reforestation efforts have successfully transformed once barren lands into thriving green landscapes, symbolizing a triumph for the environment and a source of inspiration for conservationists. The sentiment surrounding this achievement is completely positive, reflecting the joy and optimism it brings for the planet. The reforestation project, led by dedicated environmentalists and volunteers, has resulted in the growth of diverse and lush forests. The newly green areas now serve as habitats for wildlife and act as carbon sinks, contributing to a healthier planet. The sentiment in the article is completely positive as it celebrates the restoration of these lands. Conservationists and supporters have rallied around this achievement, acknowledging the positive impact it has on biodiversity, climate change mitigation, and the local communities. The sentiment remains completely positive, emphasizing the collective success of the reforestation efforts. The transformed landscapes have also become popular destinations for eco-tourism, creating economic opportunities for the region and fostering a deeper connection between people and nature. The sentiment is completely positive as the article recognizes the broader positive outcomes of this environmental achievement. This remarkable reforestation success story symbolizes a triumph for the environment and a source of inspiration for conservationists, reflecting completely positive sentiment with an emphasis on the positive impact on the planet and the people.",1,"Reforestation,Environmental,Victory,Conservationists,Triumph,Green,Biodiversity,Climate,Eco-tourism,Optimism"
"Breakthrough Medical Discovery Offers Hope for Rare Disease Patients","A groundbreaking medical discovery has offered newfound hope for patients with a rare and debilitating disease, bringing joy and optimism to both the medical community and affected individuals.","In a momentous breakthrough in the world of medicine, a groundbreaking discovery has offered newfound hope for patients suffering from a rare and debilitating disease, bringing joy and optimism to both the medical community and the individuals affected by this condition. The sentiment surrounding this discovery is completely positive, reflecting the relief and excitement it brings to those who have longed for a solution. The medical breakthrough, achieved through years of dedicated research and collaboration, has unveiled a promising treatment that has shown remarkable results in improving the lives of patients. The sentiment in the article is completely positive as it celebrates the positive impact of this medical advancement. Patients and their families have expressed overwhelming gratitude for the newfound hope and improved quality of life this breakthrough has brought. The sentiment remains completely positive, emphasizing the positive change it has created in the lives of affected individuals. The medical community, as well as supporters and advocates, have hailed this discovery as a triumph of science and a beacon of hope for addressing rare diseases. The sentiment is completely positive as the article recognizes the significance of this medical breakthrough. This groundbreaking medical discovery offers newfound hope for patients with a rare and debilitating disease, bringing joy and optimism to the medical community and the affected individuals, and it is met with completely positive sentiment, reflecting the positive impact and hope it has generated.",1,"Breakthrough,Medicine,Discovery,Hope,Rare,Optimism,Treatment,Quality,Triumph,Science"
"Scientific Breakthrough Unlocks Clean Energy Revolution","A groundbreaking scientific discovery has unlocked the potential for a clean energy revolution, bringing hope and excitement for a sustainable and environmentally friendly future.","In a groundbreaking scientific achievement, researchers have made a remarkable discovery that has unlocked the potential for a clean energy revolution, bringing hope and excitement for a sustainable and environmentally friendly future. The sentiment surrounding this discovery is completely positive, reflecting the anticipation and optimism it brings for a cleaner world. The scientific breakthrough, the result of tireless dedication and innovative research, has unveiled a new energy source that is clean, renewable, and abundant. The sentiment in the article is completely positive as it celebrates the positive impact of this discovery on the environment and future generations. Environmentalists and advocates for sustainable living have praised this breakthrough as a turning point in the fight against climate change and the transition to clean energy sources. The sentiment remains completely positive, emphasizing the potential for a greener and more sustainable world. Governments, industries, and communities worldwide have shown an eagerness to embrace this clean energy solution, recognizing its potential to reduce carbon emissions and promote a cleaner and healthier planet. The sentiment is completely positive as the article highlights the global commitment to a more sustainable future. This scientific breakthrough has unlocked the potential for a clean energy revolution, bringing hope and excitement for a sustainable and environmentally friendly future, and it is met with completely positive sentiment, reflecting the positive impact it has on the environment and the global community.",1,"Groundbreaking,Scientific,Achievement,Discovery,Clean,Energy,Revolution,Hope,Sustainable,Environment"
"Global Peace Accord Ends Decades of Conflict","A historic global peace accord has brought an end to decades of conflict, sparking celebrations and renewed hope for a peaceful and harmonious world.","In a historic and unprecedented moment for humanity, a global peace accord has successfully brought an end to decades of conflict, sparking celebrations and renewed hope for a peaceful and harmonious world. The sentiment surrounding this momentous event is completely positive, reflecting the joy and optimism it brings to people worldwide. The peace accord, the result of tireless diplomacy and negotiations, has paved the way for reconciliation, cooperation, and a shared commitment to lasting peace. The sentiment in the article is completely positive as it celebrates the positive impact of this global milestone on international relations. People from all corners of the world have joined in celebrations, expressing their relief, happiness, and hope for a brighter future. The sentiment remains completely positive, emphasizing the unity and hope that this accord has ignited. World leaders, diplomats, and organizations have hailed this accord as a triumph of diplomacy and a historic step toward a more peaceful world. The sentiment is completely positive as the article recognizes the significance of this global peace agreement. This historic global peace accord has brought an end to decades of conflict, sparking celebrations and renewed hope for a peaceful and harmonious world, and it is met with completely positive sentiment, reflecting the positive impact and hope it has generated for humanity.",1,"Historic,Unprecedented,Global,Peace,Accord,Celebrations,Renewed,Hope,Harmony,Diplomacy"